,taxon,species,genus,family,order,class,superclass,subphylum,phylum,kingdom,name1,ACANTHEPHYRA PELAGICA,pelagica,Acanthephyra,Acanthephyridae,Decapoda,Malacostraca,NA,Crustacea,Arthropoda,Animalia,Acanthephyra pelagica2,Acantholithodeshispidus,hispidus,Acantholithodes,Hapalogastridae,Decapoda,Malacostraca,NA,Crustacea,Arthropoda,Animalia,Acantholithodes hispidus307,ACTINARIA,NA,NA,NA,Actiniaria,Anthozoa,NA,NA,Cnidaria,Animalia,Actiniaria spp.294,Actiniaria,NA,NA,NA,Actiniaria,Anthozoa,NA,NA,Cnidaria,Animalia,Actiniaria spp.5,Aforiacircinata,circinata,Aforia,Cochlespiridae,Neogastropoda,Gastropoda,NA,NA,Mollusca,Animalia,Aforia circinata204,AGONUS DECAGONUS,decagonus,Leptagonus,Agonidae,Scorpaeniformes,Actinopterygii,Pisces,Vertebrata,Chordata,Animalia,Leptagonus decagonus6,Albatrossiapectoralis,pectoralis,Albatrossia,Macrouridae,Gadiformes,Actinopterygii,Pisces,Vertebrata,Chordata,Animalia,Albatrossia pectoralis7,ALEPOCEPHALUS BAIRDII,bairdii,Alepocephalus,Alepocephalidae,Osmeriformes,Actinopterygii,Pisces,Vertebrata,Chordata,Animalia,Alepocephalus bairdii8,Allosmerus elongatus,elongatus,Allosmerus,Osmeridae,Osmeriformes,Actinopterygii,Pisces,Vertebrata,Chordata,Animalia,Allosmerus elongatus9,Alosa aestivalis,aestivalis,Alosa,Clupeidae,Clupeiformes,Actinopterygii,Pisces,Vertebrata,Chordata,Animalia,Alosa aestivalis10,ALOSA PSEUDOHARENGUS,pseudoharengus,Alosa,Clupeidae,Clupeiformes,Actinopterygii,Pisces,Vertebrata,Chordata,Animalia,Alosa pseudoharengus11,Alosa pseudoharengus,pseudoharengus,Alosa,Clupeidae,Clupeiformes,Actinopterygii,Pisces,Vertebrata,Chordata,Animalia,Alosa pseudoharengus12,Alosa sapidissima,sapidissima,Alosa,Clupeidae,Clupeiformes,Actinopterygii,Pisces,Vertebrata,Chordata,Animalia,Alosa sapidissima14,Amblyraja radiata,radiata,Amblyraja,Rajidae,Rajiformes,Elasmobranchii,Pisces,Vertebrata,Chordata,Animalia,Amblyraja radiata15,AMBLYRAJA RADIATA,radiata,Amblyraja,Rajidae,Rajiformes,Elasmobranchii,Pisces,Vertebrata,Chordata,Animalia,Amblyraja radiata16,AMMODYTES DUBIUS,dubius,Ammodytes,Ammodytidae,Perciformes,Actinopterygii,Pisces,Vertebrata,Chordata,Animalia,Ammodytes dubius17,Ammodyteshexapterus,hexapterus,Ammodytes,Ammodytidae,Perciformes,Actinopterygii,Pisces,Vertebrata,Chordata,Animalia,Ammodytes hexapterus18,AMUSIUM PAPYRACEUM,papyraceum,Amusium,Pectinidae,Ostreoida,Bivalvia,NA,NA,Mollusca,Animalia,Amusium papyraceum19,ANARHICHAS DENTICULATUS,denticulatus,Anarhichas,Anarhichadidae,Perciformes,Actinopterygii,Pisces,Vertebrata,Chordata,Animalia,Anarhichas denticulatus20,ANARHICHAS LUPUS,lupus,Anarhichas,Anarhichadidae,Perciformes,Actinopterygii,Pisces,Vertebrata,Chordata,Animalia,Anarhichas lupus21,Anarhichas lupus,lupus,Anarhichas,Anarhichadidae,Perciformes,Actinopterygii,Pisces,Vertebrata,Chordata,Animalia,Anarhichas lupus22,ANARHICHAS MINOR,minor,Anarhichas,Anarhichadidae,Perciformes,Actinopterygii,Pisces,Vertebrata,Chordata,Animalia,Anarhichas minor23,Anarhichasorientalis,orientalis,Anarhichas,Anarhichadidae,Perciformes,Actinopterygii,Pisces,Vertebrata,Chordata,Animalia,Anarhichas orientalis24,ANASIMUS LATUS,latus,Anasimus,Inachoididae,Decapoda,Malacostraca,NA,Crustacea,Arthropoda,Animalia,Anasimus latus25,ANCHOA HEPSETUS,hepsetus,Anchoa,Engraulidae,Clupeiformes,Actinopterygii,Pisces,Vertebrata,Chordata,Animalia,Anchoa hepsetus26,ANCHOA MITCHILLI,mitchilli,Anchoa,Engraulidae,Clupeiformes,Actinopterygii,Pisces,Vertebrata,Chordata,Animalia,Anchoa mitchilli27,ANCYLOPSETTA DILECTA,dilecta,Ancylopsetta,Bothidae,Pleuronectiformes,Actinopterygii,Pisces,Vertebrata,Chordata,Animalia,Ancylopsetta dilecta28,ANCYLOPSETTA QUADROCELLATA,ommata,Ancylopsetta,Bothidae,Pleuronectiformes,Actinopterygii,Pisces,Vertebrata,Chordata,Animalia,Ancylopsetta ommata30,Anoplopoma fimbria,fimbria,Anoplopoma,Anoplopomatidae,Scorpaeniformes,Actinopterygii,Pisces,Vertebrata,Chordata,Animalia,Anoplopoma fimbria29,Anoplopomafimbria,fimbria,Anoplopoma,Anoplopomatidae,Scorpaeniformes,Actinopterygii,Pisces,Vertebrata,Chordata,Animalia,Anoplopoma fimbria31,ANTENNARIUS RADIOSUS,radiosus,Antennarius,Antennariidae,Lophiiformes,Actinopterygii,Pisces,Vertebrata,Chordata,Animalia,Antennarius radiosus32,ANTIMORA ROSTRATA,rostrata,Antimora,Moridae,Gadiformes,Actinopterygii,Pisces,Vertebrata,Chordata,Animalia,Antimora rostrata291,Aphroditidae,NA,NA,Aphroditidae,Phyllodocida,Polychaeta,NA,NA,Annelida,Animalia,Aphroditidae spp.33,Aplidiumsp.A(Clark2006),NA,Aplidium,Polyclinidae,Aplousobranchia,Ascidiacea,NA,Tunicata,Chordata,Animalia,Aplidium spp.34,Apristurus brunneus,brunneus,Apristurus,Scyliorhinidae,Carcharhiniformes,Elasmobranchii,Pisces,Vertebrata,Chordata,Animalia,Apristurus brunneus35,Aptocyclusventricosus,ventricosus,Aptocyclus,Cyclopteridae,Scorpaeniformes,Actinopterygii,Pisces,Vertebrata,Chordata,Animalia,Aptocyclus ventricosus36,ARGENTINA SILUS,silus,Argentina,Argentinidae,Osmeriformes,Actinopterygii,Pisces,Vertebrata,Chordata,Animalia,Argentina silus37,Argentina silus,silus,Argentina,Argentinidae,Osmeriformes,Actinopterygii,Pisces,Vertebrata,Chordata,Animalia,Argentina silus38,ARGIS DENTATA,dentata,Argis,Crangonidae,Decapoda,Malacostraca,NA,Crustacea,Arthropoda,Animalia,Argis dentata39,Argissp.,NA,Argis,Crangonidae,Decapoda,Malacostraca,NA,Crustacea,Arthropoda,Animalia,Argis spp.40,ARIUS FELIS,felis,Ariopsis,Ariidae,Siluriformes,Actinopterygii,Pisces,Vertebrata,Chordata,Animalia,Ariopsis felis41,ARTEDIELLUS  SP,NA,Artediellus,Cottidae,Scorpaeniformes,Actinopterygii,Pisces,Vertebrata,Chordata,Animalia,Artediellus spp.42,ARTEDIELLUS  SP.,NA,Artediellus,Cottidae,Scorpaeniformes,Actinopterygii,Pisces,Vertebrata,Chordata,Animalia,Artediellus spp.278,Ascidiacea,NA,NA,NA,NA,NA,NA,Tunicata,Chordata,Animalia,Tunicata spp.44,ASPIDOPHOROIDES MONOPTERYGIUS,monopterygius,Aspidophoroides,Agonidae,Scorpaeniformes,Actinopterygii,Pisces,Vertebrata,Chordata,Animalia,Aspidophoroides monopterygius504,ASPIDOPHOROIDES OLRIKI,olrikii,Ulcina,Agonidae,Scorpaeniformes,Actinopterygii,Pisces,Vertebrata,Chordata,Animalia,Ulcina olrikii43,Aspidophoroidesbartoni,bartoni,Aspidophoroides,Agonidae,Scorpaeniformes,Actinopterygii,Pisces,Vertebrata,Chordata,Animalia,Aspidophoroides bartoni45,Asteriasamurensis,amurensis,Asterias,Asteriidae,Forcipulatida,Asteroidea,NA,Asterozoa,Echinodermata,Animalia,Asterias amurensis275,Asteroidea,NA,NA,NA,NA,NA,NA,Asterozoa,Echinodermata,Animalia,Asterozoa spp.303,ASTEROIDEA,NA,NA,NA,NA,NA,NA,Asterozoa,Echinodermata,Animalia,Asterozoa spp.48,Atheresthes stomias,stomias,Atheresthes,Pleuronectidae,Pleuronectiformes,Actinopterygii,Pisces,Vertebrata,Chordata,Animalia,Atheresthes stomias47,Atheresthessp,NA,Atheresthes,Pleuronectidae,Pleuronectiformes,Actinopterygii,Pisces,Vertebrata,Chordata,Animalia,Atheresthes spp.46,Atheresthessp.,NA,Atheresthes,Pleuronectidae,Pleuronectiformes,Actinopterygii,Pisces,Vertebrata,Chordata,Animalia,Atheresthes spp.49,Atheresthesstomias,stomias,Atheresthes,Pleuronectidae,Pleuronectiformes,Actinopterygii,Pisces,Vertebrata,Chordata,Animalia,Atheresthes stomias50,AURELIA,NA,Aurelia,Ulmaridae,Semaeostomeae,Scyphozoa,NA,NA,Cnidaria,Animalia,Aurelia spp.51,BALISTES CAPRISCUS,capriscus,Balistes,Balistidae,Tetraodontiformes,Actinopterygii,Pisces,Vertebrata,Chordata,Animalia,Balistes capriscus52,Bathyagonusnigripinnis,nigripinnis,Bathyagonus,Agonidae,Scorpaeniformes,Actinopterygii,Pisces,Vertebrata,Chordata,Animalia,Bathyagonus nigripinnis53,BATHYLAGUS EURYOPS,euryops,Bathylagus,Bathylagidae,Osmeriformes,Actinopterygii,Pisces,Vertebrata,Chordata,Animalia,Bathylagus euryops54,Bathymastersignatus,signatus,Bathymaster,Bathymasteridae,Perciformes,Actinopterygii,Pisces,Vertebrata,Chordata,Animalia,Bathymaster signatus55,Bathyrajasp,NA,Bathyraja,Rajidae,Rajiformes,Elasmobranchii,Pisces,Vertebrata,Chordata,Animalia,Bathyraja spp.56,Bathyrajasp.,NA,Bathyraja,Rajidae,Rajiformes,Elasmobranchii,Pisces,Vertebrata,Chordata,Animalia,Bathyraja spp.58,Beringiusberingii,behringi,Beringius,Buccinidae,Neogastropoda,Gastropoda,NA,NA,Mollusca,Animalia,Beringius behringi59,Beringiussp.,NA,Beringius,Buccinidae,Neogastropoda,Gastropoda,NA,NA,Mollusca,Animalia,Beringius spp.60,Berryteuthismagister,magister,Berryteuthis,Gonatidae,Oegopsida,Cephalopoda,NA,NA,Mollusca,Animalia,Berryteuthis magister290,Bivalvia,NA,NA,NA,NA,Bivalvia,NA,NA,Mollusca,Animalia,Bivalvia spp.61,BOLLMANNIA COMMUNIS,communis,Bollmannia,Gobiidae,Perciformes,Actinopterygii,Pisces,Vertebrata,Chordata,Animalia,Bollmannia communis62,BOREOGADUS SAIDA,saida,Boreogadus,Gadidae,Gadiformes,Actinopterygii,Pisces,Vertebrata,Chordata,Animalia,Boreogadus saida279,Brachiopoda,NA,NA,NA,NA,NA,NA,NA,Brachiopoda,Animalia,Brachiopoda spp.63,BREGMACEROS ATLANTICUS,atlanticus,Bregmaceros,Bregmacerotidae,Gadiformes,Actinopterygii,Pisces,Vertebrata,Chordata,Animalia,Bregmaceros atlanticus64,BREVOORTIA PATRONUS,patronus,Brevoortia,Clupeidae,Clupeiformes,Actinopterygii,Pisces,Vertebrata,Chordata,Animalia,Brevoortia patronus65,Brosme brosme,brosme,Brosme,Lotidae,Gadiformes,Actinopterygii,Pisces,Vertebrata,Chordata,Animalia,Brosme brosme66,BROSME BROSME,brosme,Brosme,Lotidae,Gadiformes,Actinopterygii,Pisces,Vertebrata,Chordata,Animalia,Brosme brosme67,BROTULA BARBATUM,barbata,Brotula,Ophidiidae,Ophidiiformes,Actinopterygii,Pisces,Vertebrata,Chordata,Animalia,Brotula barbata280,Bryozoa,NA,NA,NA,NA,NA,NA,NA,Bryozoa,Animalia,Bryozoa spp.289,BUCCINIDAE,NA,NA,Buccinidae,Neogastropoda,Gastropoda,NA,NA,Mollusca,Animalia,Buccinidae spp.69,Buccinumplectrum,plectrum,Buccinum,Buccinidae,Neogastropoda,Gastropoda,NA,NA,Mollusca,Animalia,Buccinum plectrum68,Buccinumsp.,NA,Buccinum,Buccinidae,Neogastropoda,Gastropoda,NA,NA,Mollusca,Animalia,Buccinum spp.70,CALAPPA SULCATA,sulcata,Calappa,Calappidae,Decapoda,Malacostraca,NA,Crustacea,Arthropoda,Animalia,Calappa sulcata71,CALLINECTES SAPIDUS,sapidus,Callinectes,Portunidae,Decapoda,Malacostraca,NA,Crustacea,Arthropoda,Animalia,Callinectes sapidus72,CALLINECTES SIMILIS,similis,Callinectes,Portunidae,Decapoda,Malacostraca,NA,Crustacea,Arthropoda,Animalia,Callinectes similis259,Cancer magister,magister,Metacarcinus,Cancridae,Decapoda,Malacostraca,NA,Crustacea,Arthropoda,Animalia,Metacarcinus magister260,Cancermagister,magister,Metacarcinus,Cancridae,Decapoda,Malacostraca,NA,Crustacea,Arthropoda,Animalia,Metacarcinus magister138,Canceroregonensis,oregonensis,Glebocarcinus,Cancridae,Decapoda,Malacostraca,NA,Crustacea,Arthropoda,Animalia,Glebocarcinus oregonensis73,CARANX CRYSOS,crysos,Caranx,Carangidae,Perciformes,Actinopterygii,Pisces,Vertebrata,Chordata,Animalia,Caranx crysos74,Careproctusmelanurus,melanurus,Careproctus,Liparidae,Scorpaeniformes,Actinopterygii,Pisces,Vertebrata,Chordata,Animalia,Careproctus melanurus75,Careproctussp.,NA,Careproctus,Liparidae,Scorpaeniformes,Actinopterygii,Pisces,Vertebrata,Chordata,Animalia,Careproctus spp.76,CAULOLATILUS INTERMEDIUS,intermedius,Caulolatilus,Malacanthidae,Perciformes,Actinopterygii,Pisces,Vertebrata,Chordata,Animalia,Caulolatilus intermedius77,CENTROPRISTIS PHILADELPHICUS,philadelphica,Centropristis,Serranidae,Perciformes,Actinopterygii,Pisces,Vertebrata,Chordata,Animalia,Centropristis philadelphica78,Centropristis striata,striata,Centropristis,Serranidae,Perciformes,Actinopterygii,Pisces,Vertebrata,Chordata,Animalia,Centropristis striata79,CENTROSCYLLIUM FABRICII,fabricii,Centroscyllium,Etmopteridae,Squaliformes,Elasmobranchii,Pisces,Vertebrata,Chordata,Animalia,Centroscyllium fabricii306,CEPHALOPODA,NA,NA,NA,NA,NA,NA,NA,Mollusca,Animalia,Cephalopoda spp.80,CHAETODIPTERUS FABER,faber,Chaetodipterus,Ephippidae,Perciformes,Actinopterygii,Pisces,Vertebrata,Chordata,Animalia,Chaetodipterus faber82,CHAULIODUS SLOANI,sloani,Chauliodus,Stomiidae,Stomiiformes,Actinopterygii,Pisces,Vertebrata,Chordata,Animalia,Chauliodus sloani81,Chauliodusmacouni,macouni,Chauliodus,Stomiidae,Stomiiformes,Actinopterygii,Pisces,Vertebrata,Chordata,Animalia,Chauliodus macouni83,CHIASMODON NIGER,niger,Chiasmodon,Chiasmodontidae,Perciformes,Actinopterygii,Pisces,Vertebrata,Chordata,Animalia,Chiasmodon niger84,Chilara taylori,taylori,Chilara,Ophidiidae,Ophidiiformes,Actinopterygii,Pisces,Vertebrata,Chordata,Animalia,Chilara taylori87,CHIONOECETES OPILIO,opilio,Chionoecetes,Oregoniidae,Decapoda,Malacostraca,NA,Crustacea,Arthropoda,Animalia,Chionoecetes opilio85,Chionoecetesbairdi,bairdi,Chionoecetes,Oregoniidae,Decapoda,Malacostraca,NA,Crustacea,Arthropoda,Animalia,Chionoecetes bairdi86,Chionoeceteshybrid,NA,Chionoecetes,Oregoniidae,Decapoda,Malacostraca,NA,Crustacea,Arthropoda,Animalia,Chionoecetes spp.88,Chionoecetesopilio,opilio,Chionoecetes,Oregoniidae,Decapoda,Malacostraca,NA,Crustacea,Arthropoda,Animalia,Chionoecetes opilio89,CHLAMYS ISLANDICA,islandica,Chlamys,Pectinidae,Pectinoida,Bivalvia,NA,NA,Mollusca,Animalia,Chlamys islandica90,Chlamyssp,NA,Chlamys,Pectinidae,Pectinoida,Bivalvia,NA,NA,Mollusca,Animalia,Chlamys spp.91,Chlamyssp.,NA,Chlamys,Pectinidae,Pectinoida,Bivalvia,NA,NA,Mollusca,Animalia,Chlamys spp.92,CHLOROSCOMBRUS CHRYSURUS,chrysurus,Chloroscombrus,Carangidae,Perciformes,Actinopterygii,Pisces,Vertebrata,Chordata,Animalia,Chloroscombrus chrysurus93,CITHARICHTHYS MACROPS,macrops,Citharichthys,Paralichthyidae,Pleuronectiformes,Actinopterygii,Pisces,Vertebrata,Chordata,Animalia,Citharichthys macrops94,Citharichthys sordidus,sordidus,Citharichthys,Paralichthyidae,Pleuronectiformes,Actinopterygii,Pisces,Vertebrata,Chordata,Animalia,Citharichthys sordidus95,CITHARICHTHYS SPILOPTERUS,spilopterus,Citharichthys,Paralichthyidae,Pleuronectiformes,Actinopterygii,Pisces,Vertebrata,Chordata,Animalia,Citharichthys spilopterus96,Clinopegmamagnum,magnum,Clinopegma,Buccinidae,Neogastropoda,Gastropoda,NA,NA,Mollusca,Animalia,Clinopegma magnum97,CLUPEA HARENGUS,harengus,Clupea,Clupeidae,Clupeiformes,Actinopterygii,Pisces,Vertebrata,Chordata,Animalia,Clupea harengus98,Clupea harengus,harengus,Clupea,Clupeidae,Clupeiformes,Actinopterygii,Pisces,Vertebrata,Chordata,Animalia,Clupea harengus99,Clupea pallasi,pallasii,Clupea,Clupeidae,Clupeiformes,Actinopterygii,Pisces,Vertebrata,Chordata,Animalia,Clupea pallasii100,Clupeapallasi,pallasii,Clupea,Clupeidae,Clupeiformes,Actinopterygii,Pisces,Vertebrata,Chordata,Animalia,Clupea pallasii101,Colussp.,NA,Colus,Buccinidae,Neogastropoda,Gastropoda,NA,NA,Mollusca,Animalia,Colus spp.102,CORYPHAENOIDES RUPESTRIS,rupestris,Coryphaenoides,Macrouridae,Gadiformes,Actinopterygii,Pisces,Vertebrata,Chordata,Animalia,Coryphaenoides rupestris103,COTTUNCULUS MICROPS,microps,Cottunculus,Psychrolutidae,Scorpaeniformes,Actinopterygii,Pisces,Vertebrata,Chordata,Animalia,Cottunculus microps104,Crangonsp.,NA,Crangon,Crangonidae,Decapoda,Malacostraca,NA,Crustacea,Arthropoda,Animalia,Crangon spp.106,CRYPTACANTHODES MACULATUS,maculatus,Cryptacanthodes,Cryptacanthodidae,Perciformes,Actinopterygii,Pisces,Vertebrata,Chordata,Animalia,Cryptacanthodes maculatus105,Cryptacanthodesgiganteus,giganteus,Cryptacanthodes,Cryptacanthodidae,Perciformes,Actinopterygii,Pisces,Vertebrata,Chordata,Animalia,Cryptacanthodes giganteus107,Ctenodiscuscrispatus,crispatus,Ctenodiscus,Ctenodiscidae,Paxillosida,Asteroidea,NA,Asterozoa,Echinodermata,Animalia,Ctenodiscus crispatus108,CYCLOPSETTA CHITTENDENI,chittendeni,Cyclopsetta,Paralichthyidae,Pleuronectiformes,Actinopterygii,Pisces,Vertebrata,Chordata,Animalia,Cyclopsetta chittendeni109,CYCLOPTERUS LUMPUS,lumpus,Cyclopterus,Cyclopteridae,Scorpaeniformes,Actinopterygii,Pisces,Vertebrata,Chordata,Animalia,Cyclopterus lumpus110,CYNOSCION,NA,Cynoscion,Sciaenidae,Perciformes,Actinopterygii,Pisces,Vertebrata,Chordata,Animalia,Cynoscion spp.111,Dasycottussetiger,setiger,Dasycottus,Psychrolutidae,Scorpaeniformes,Actinopterygii,Pisces,Vertebrata,Chordata,Animalia,Dasycottus setiger277,Decapodiformes,NA,NA,NA,NA,Cephalopoda,NA,NA,Mollusca,Animalia,Decapodiformes spp.112,DIPLECTRUM BIVITTATUM,bivittatum,Diplectrum,Serranidae,Perciformes,Actinopterygii,Pisces,Vertebrata,Chordata,Animalia,Diplectrum bivittatum113,DIPLECTRUM FORMOSUM,formosum,Diplectrum,Serranidae,Perciformes,Actinopterygii,Pisces,Vertebrata,Chordata,Animalia,Diplectrum formosum114,Doryteuthis (Amerigo) pealeii,pealeii,Doryteuthis,Loliginidae,Myopsida,Cephalopoda,NA,NA,Mollusca,Animalia,Doryteuthis pealeii285,ECHINOIDEA,NA,NA,NA,NA,Echinoidea ,NA,Echinozoa,Echinodermata,Animalia,Echinoidea spp.115,ENCHELYOPUS CIMBRIUS,cimbrius,Enchelyopus,Lotidae,Gadiformes,Actinopterygii,Pisces,Vertebrata,Chordata,Animalia,Enchelyopus cimbrius116,Engraulis mordax,mordax,Engraulis,Engraulidae,Clupeiformes,Actinopterygii,Pisces,Vertebrata,Chordata,Animalia,Engraulis mordax117,ENGYOPHRYS SENTA,senta,Engyophrys,Bothidae,Pleuronectiformes,Actinopterygii,Pisces,Vertebrata,Chordata,Animalia,Engyophrys senta119,Eopsetta jordani,jordani,Eopsetta,Pleuronectidae,Pleuronectiformes,Actinopterygii,Pisces,Vertebrata,Chordata,Animalia,Eopsetta jordani118,Eopsettajordani,jordani,Eopsetta,Pleuronectidae,Pleuronectiformes,Actinopterygii,Pisces,Vertebrata,Chordata,Animalia,Eopsetta jordani344,EQUETUS UMBROSUS,umbrosus,Pareques,Sciaenidae,Perciformes,Actinopterygii,Pisces,Vertebrata,Chordata,Animalia,Pareques umbrosus120,Erimacrusisenbeckii,isenbeckii,Erimacrus,Cheiragonidae,Decapoda,Malacostraca,NA,Crustacea,Arthropoda,Animalia,Erimacrus isenbeckii121,ETROPUS CROSSOTUS,crossotus,Etropus,Paralichthyidae,Pleuronectiformes,Actinopterygii,Pisces,Vertebrata,Chordata,Animalia,Etropus crossotus122,ETRUMEUS TERES,teres,Etrumeus,Clupeidae,Clupeiformes,Actinopterygii,Pisces,Vertebrata,Chordata,Animalia,Etrumeus teres123,EUALUS GAIMARDII,gaimardii,Eualus,Hippolytidae,Decapoda,Malacostraca,NA,Crustacea,Arthropoda,Animalia,Eualus gaimardii124,EUALUS MACILENTUS,macilentus,Eualus,Hippolytidae,Decapoda,Malacostraca,NA,Crustacea,Arthropoda,Animalia,Eualus macilentus125,EUCINOSTOMUS GULA,gula,Eucinostomus,Gerreidae,Perciformes,Actinopterygii,Pisces,Vertebrata,Chordata,Animalia,Eucinostomus gula126,EUMESOGRAMMUS PRAECISUS,praecisus,Eumesogrammus,Stichaeidae,Perciformes,Actinopterygii,Pisces,Vertebrata,Chordata,Animalia,Eumesogrammus praecisus128,EUMICROTREMUS SPINOSUS,spinosus,Eumicrotremus,Cyclopteridae,Scorpaeniformes,Actinopterygii,Pisces,Vertebrata,Chordata,Animalia,Eumicrotremus spinosus127,Eumicrotremusorbis,orbis,Eumicrotremus,Cyclopteridae,Scorpaeniformes,Actinopterygii,Pisces,Vertebrata,Chordata,Animalia,Eumicrotremus orbis129,Fusitritonoregonensis,oregonensis,Fusitriton,Ranellidae,Littorinimorpha,Gastropoda,NA,NA,Mollusca,Animalia,Fusitriton oregonensis131,Gadus macrocephalus,macrocephalus,Gadus,Gadidae,Gadiformes,Actinopterygii,Pisces,Vertebrata,Chordata,Animalia,Gadus macrocephalus132,GADUS MORHUA,morhua,Gadus,Gadidae,Gadiformes,Actinopterygii,Pisces,Vertebrata,Chordata,Animalia,Gadus morhua133,Gadus morhua,morhua,Gadus,Gadidae,Gadiformes,Actinopterygii,Pisces,Vertebrata,Chordata,Animalia,Gadus morhua130,Gadusmacrocephalus,macrocephalus,Gadus,Gadidae,Gadiformes,Actinopterygii,Pisces,Vertebrata,Chordata,Animalia,Gadus macrocephalus134,GAIDROPSARUS  SP,NA,Gaidropsarus,Lotidae,Gadiformes,Actinopterygii,Pisces,Vertebrata,Chordata,Animalia,Gaidropsarus spp.135,GAIDROPSARUS  SP.,NA,Gaidropsarus,Lotidae,Gadiformes,Actinopterygii,Pisces,Vertebrata,Chordata,Animalia,Gaidropsarus spp.295,Gastropoda,NA,NA,NA,NA,Gastropoda,NA,NA,Mollusca,Animalia,Gastropoda spp.288,gastropodeggs,NA,NA,NA,NA,Gastropoda,NA,NA,Mollusca,Animalia,Gastropod eggs136,Genyonemus lineatus,lineatus,Genyonemus,Sciaenidae,Perciformes,Actinopterygii,Pisces,Vertebrata,Chordata,Animalia,Genyonemus lineatus137,Gersemiasp.,NA,Gersemia,Nephtheidae,Alcyonacea,Anthozoa,NA,NA,Cnidaria,Animalia,Gersemia spp.140,Glyptocephalus cynoglossus,cynoglossus,Glyptocephalus,Pleuronectidae,Pleuronectiformes,Actinopterygii,Pisces,Vertebrata,Chordata,Animalia,Glyptocephalus cynoglossus141,GLYPTOCEPHALUS CYNOGLOSSUS,cynoglossus,Glyptocephalus,Pleuronectidae,Pleuronectiformes,Actinopterygii,Pisces,Vertebrata,Chordata,Animalia,Glyptocephalus cynoglossus142,Glyptocephalus zachirus,zachirus,Glyptocephalus,Pleuronectidae,Pleuronectiformes,Actinopterygii,Pisces,Vertebrata,Chordata,Animalia,Glyptocephalus zachirus143,Glyptocephaluszachirus,zachirus,Glyptocephalus,Pleuronectidae,Pleuronectiformes,Actinopterygii,Pisces,Vertebrata,Chordata,Animalia,Glyptocephalus zachirus144,GONATUS  SP.,NA,Gonatus,Gonatidae,Oegopsida,Cephalopoda,NA,NA,Mollusca,Animalia,Gonatus spp.297,GORGONOCEPHALIDAE,NA,NA,Gorgonocephalidae,Euryalida,Ophiuroidea,NA,Asterozoa,Echinodermata,Animalia,Gorgonocephalidae spp.146,Gorgonocephalus eucnemis,eucnemis,Gorgonocephalus,Gorgonocephalidae,Euryalida,Ophiuroidea,NA,Asterozoa,Echinodermata,Animalia,Gorgonocephalus eucnemis145,Gorgonocephaluseucnemis,eucnemis,Gorgonocephalus,Gorgonocephalidae,Euryalida,Ophiuroidea,NA,Asterozoa,Echinodermata,Animalia,Gorgonocephalus eucnemis147,GYMNACHIRUS TEXAE,texae,Gymnachirus,Achiridae,Pleuronectiformes,Actinopterygii,Pisces,Vertebrata,Chordata,Animalia,Gymnachirus texae148,GYMNELIS VIRIDIS,viridis,Gymnelus,Zoarcidae,Perciformes,Actinopterygii,Pisces,Vertebrata,Chordata,Animalia,Gymnelus viridis149,Gymnocanthusgaleatus,galeatus,Gymnocanthus,Cottidae,Scorpaeniformes,Actinopterygii,Pisces,Vertebrata,Chordata,Animalia,Gymnocanthus galeatus150,HAEMULON AUROLINEATUM,aurolineatum,Haemulon,Haemulidae,Perciformes,Actinopterygii,Pisces,Vertebrata,Chordata,Animalia,Haemulon aurolineatum151,HALIEUTICHTHYS ACULEATUS,aculeatus,Halieutichthys,Ogcocephalidae,Lophiiformes,Actinopterygii,Pisces,Vertebrata,Chordata,Animalia,Halieutichthys aculeatus152,HARENGULA JAGUANA,jaguana,Harengula,Clupeidae,Clupeiformes,Actinopterygii,Pisces,Vertebrata,Chordata,Animalia,Harengula jaguana153,Helicolenus dactylopterus,dactylopterus,Helicolenus,Sebastidae,Scorpaeniformes,Actinopterygii,Pisces,Vertebrata,Chordata,Animalia,Helicolenus dactylopterus154,Hemilepidotushemilepidotus,hemilepidotus,Hemilepidotus,Cottidae,Scorpaeniformes,Actinopterygii,Pisces,Vertebrata,Chordata,Animalia,Hemilepidotus hemilepidotus155,Hemilepidotusjordani,jordani,Hemilepidotus,Cottidae,Scorpaeniformes,Actinopterygii,Pisces,Vertebrata,Chordata,Animalia,Hemilepidotus jordani156,Hemilepidotuspapilio,papilio,Hemilepidotus,Cottidae,Scorpaeniformes,Actinopterygii,Pisces,Vertebrata,Chordata,Animalia,Hemilepidotus papilio157,Hemilepidotuszapus,zapus,Hemilepidotus,Cottidae,Scorpaeniformes,Actinopterygii,Pisces,Vertebrata,Chordata,Animalia,Hemilepidotus zapus158,Hemitripterus americanus,americanus,Hemitripterus,Hemitripteridae,Scorpaeniformes,Actinopterygii,Pisces,Vertebrata,Chordata,Animalia,Hemitripterus americanus159,HEMITRIPTERUS AMERICANUS,americanus,Hemitripterus,Hemitripteridae,Scorpaeniformes,Actinopterygii,Pisces,Vertebrata,Chordata,Animalia,Hemitripterus americanus160,Hemitripterusbolini,bolini,Hemitripterus,Hemitripteridae,Scorpaeniformes,Actinopterygii,Pisces,Vertebrata,Chordata,Animalia,Hemitripterus bolini161,HEPATUS EPHELITICUS,epheliticus,Hepatus,Aethridae,Decapoda,Malacostraca,NA,Crustacea,Arthropoda,Animalia,Hepatus epheliticus162,Hexagrammosdecagrammus,decagrammus,Hexagrammos,Hexagrammidae,Scorpaeniformes,Actinopterygii,Pisces,Vertebrata,Chordata,Animalia,Hexagrammos decagrammus163,Hexagrammosstelleri,stelleri,Hexagrammos,Hexagrammidae,Scorpaeniformes,Actinopterygii,Pisces,Vertebrata,Chordata,Animalia,Hexagrammos stelleri397,HILDEBRANDIA FLAVA,flavus,Rhynchoconger,Congridae,Anguilliformes,Actinopterygii,Pisces,Vertebrata,Chordata,Animalia,Rhynchoconger flavus164,Hippoglossina oblonga,oblonga,Hippoglossina,Paralichthyidae,Pleuronectiformes,Actinopterygii,Pisces,Vertebrata,Chordata,Animalia,Hippoglossina oblonga165,Hippoglossoides elassodon,elassodon,Hippoglossoides,Pleuronectidae,Pleuronectiformes,Actinopterygii,Pisces,Vertebrata,Chordata,Animalia,Hippoglossoides elassodon169,HIPPOGLOSSOIDES PLATESSOIDES,platessoides,Hippoglossoides,Pleuronectidae,Pleuronectiformes,Actinopterygii,Pisces,Vertebrata,Chordata,Animalia,Hippoglossoides platessoides170,Hippoglossoides platessoides,platessoides,Hippoglossoides,Pleuronectidae,Pleuronectiformes,Actinopterygii,Pisces,Vertebrata,Chordata,Animalia,Hippoglossoides platessoides166,Hippoglossoideselassodon,elassodon,Hippoglossoides,Pleuronectidae,Pleuronectiformes,Actinopterygii,Pisces,Vertebrata,Chordata,Animalia,Hippoglossoides elassodon167,Hippoglossoidessp,NA,Hippoglossoides,Pleuronectidae,Pleuronectiformes,Actinopterygii,Pisces,Vertebrata,Chordata,Animalia,Hippoglossoides spp.168,Hippoglossoidessp.,NA,Hippoglossoides,Pleuronectidae,Pleuronectiformes,Actinopterygii,Pisces,Vertebrata,Chordata,Animalia,Hippoglossoides spp.171,Hippoglossus hippoglossus,hippoglossus,Hippoglossus,Pleuronectidae,Pleuronectiformes,Actinopterygii,Pisces,Vertebrata,Chordata,Animalia,Hippoglossus hippoglossus172,HIPPOGLOSSUS HIPPOGLOSSUS,hippoglossus,Hippoglossus,Pleuronectidae,Pleuronectiformes,Actinopterygii,Pisces,Vertebrata,Chordata,Animalia,Hippoglossus hippoglossus173,Hippoglossus stenolepis,stenolepis,Hippoglossus,Pleuronectidae,Pleuronectiformes,Actinopterygii,Pisces,Vertebrata,Chordata,Animalia,Hippoglossus stenolepis174,Hippoglossusstenolepis,stenolepis,Hippoglossus,Pleuronectidae,Pleuronectiformes,Actinopterygii,Pisces,Vertebrata,Chordata,Animalia,Hippoglossus stenolepis287,Holothuroidea,NA,NA,NA,NA,NA,NA,Echinozoa,Echinodermata,Animalia,Holothuroidea spp.292,HOLOTHUROIDEA,NA,NA,NA,NA,NA,NA,Echinozoa,Echinodermata,Animalia,Holothuroidea spp.175,Homarus americanus,americanus,Homarus,Nephropidae,Decapoda,Malacostraca,NA,Crustacea,Arthropoda,Animalia,Homarus americanus176,HOPLUNNIS MACRURUS,macrura,Hoplunnis,Nettastomatidae,Anguilliformes,Actinopterygii,Pisces,Vertebrata,Chordata,Animalia,Hoplunnis macrura179,HYAS  SP,NA,Hyas,Oregoniidae,Decapoda,Malacostraca,NA,Crustacea,Arthropoda,Animalia,Hyas spp.180,HYAS  SP.,NA,Hyas,Oregoniidae,Decapoda,Malacostraca,NA,Crustacea,Arthropoda,Animalia,Hyas spp.177,Hyascoarctatus,coarctatus,Hyas,Oregoniidae,Decapoda,Malacostraca,NA,Crustacea,Arthropoda,Animalia,Hyas coarctatus178,Hyaslyratus,lyratus,Hyas,Oregoniidae,Decapoda,Malacostraca,NA,Crustacea,Arthropoda,Animalia,Hyas lyratus181,Hydrolagus colliei,colliei,Hydrolagus,Chimaeridae,Chimaeriformes,Holocephali,Pisces,Vertebrata,Chordata,Animalia,Hydrolagus colliei182,Hydrolaguscolliei,colliei,Hydrolagus,Chimaeridae,Chimaeriformes,Holocephali,Pisces,Vertebrata,Chordata,Animalia,Hydrolagus colliei183,Icelinus filamentosus,filamentosus,Icelinus,Cottidae,Scorpaeniformes,Actinopterygii,Pisces,Vertebrata,Chordata,Animalia,Icelinus filamentosus184,ICELUS SPATULA,spatula,Icelus,Cottidae,Scorpaeniformes,Actinopterygii,Pisces,Vertebrata,Chordata,Animalia,Icelus spatula185,Icelusspiniger,spiniger,Icelus,Cottidae,Scorpaeniformes,Actinopterygii,Pisces,Vertebrata,Chordata,Animalia,Icelus spiniger186,ILLEX ILLECEBROSUS,illecebrosus,Illex,Ommastrephidae,Oegopsida,Cephalopoda,NA,NA,Mollusca,Animalia,Illex illecebrosus187,Illex illecebrosus,illecebrosus,Illex,Ommastrephidae,Oegopsida,Cephalopoda,NA,NA,Mollusca,Animalia,Illex illecebrosus188,Isopsetta isolepis,isolepis,Isopsetta,Pleuronectidae,Pleuronectiformes,Actinopterygii,Pisces,Vertebrata,Chordata,Animalia,Isopsetta isolepis189,Isopsettaisolepis,isolepis,Isopsetta,Pleuronectidae,Pleuronectiformes,Actinopterygii,Pisces,Vertebrata,Chordata,Animalia,Isopsetta isolepis190,KATHETOSTOMA ALBIGUTTA,albigutta,Kathetostoma,Uranoscopidae,Perciformes,Actinopterygii,Pisces,Vertebrata,Chordata,Animalia,Kathetostoma albigutta191,LAGOCEPHALUS LAEVIGATUS,laevigatus,Lagocephalus,Tetraodontidae,Tetraodontiformes,Actinopterygii,Pisces,Vertebrata,Chordata,Animalia,Lagocephalus laevigatus192,LAGODON RHOMBOIDES,rhomboides,Lagodon,Sparidae,Perciformes,Actinopterygii,Pisces,Vertebrata,Chordata,Animalia,Lagodon rhomboides193,LARIMUS FASCIATUS,fasciatus,Larimus,Sciaenidae,Perciformes,Actinopterygii,Pisces,Vertebrata,Chordata,Animalia,Larimus fasciatus194,LEBBEUS GROENLANDICUS,groenlandicus,Lebbeus,Hippolytidae,Decapoda,Malacostraca,NA,Crustacea,Arthropoda,Animalia,Lebbeus groenlandicus195,LEBBEUS POLARIS,polaris,Lebbeus,Hippolytidae,Decapoda,Malacostraca,NA,Crustacea,Arthropoda,Animalia,Lebbeus polaris196,LEIOSTOMUS XANTHURUS,xanthurus,Leiostomus,Sciaenidae,Perciformes,Actinopterygii,Pisces,Vertebrata,Chordata,Animalia,Leiostomus xanthurus197,Lepidopsetta sp,NA,Lepidopsetta,Pleuronectidae,Pleuronectiformes,Actinopterygii,Pisces,Vertebrata,Chordata,Animalia,Lepidopsetta spp.198,Lepidopsetta sp.,NA,Lepidopsetta,Pleuronectidae,Pleuronectiformes,Actinopterygii,Pisces,Vertebrata,Chordata,Animalia,Lepidopsetta spp.199,Lepidopsettasp,NA,Lepidopsetta,Pleuronectidae,Pleuronectiformes,Actinopterygii,Pisces,Vertebrata,Chordata,Animalia,Lepidopsetta spp.200,Lepidopsettasp.,NA,Lepidopsetta,Pleuronectidae,Pleuronectiformes,Actinopterygii,Pisces,Vertebrata,Chordata,Animalia,Lepidopsetta spp.201,LEPOPHIDIUM BREVIBARBE,brevibarbe,Lepophidium,Ophidiidae,Ophidiiformes,Actinopterygii,Pisces,Vertebrata,Chordata,Animalia,Lepophidium brevibarbe202,LEPOPHIDIUM JEANNAE,jeannae,Lepophidium,Ophidiidae,Ophidiiformes,Actinopterygii,Pisces,Vertebrata,Chordata,Animalia,Lepophidium jeannae203,Lepophidium profundorum,profundorum,Lepophidium,Ophidiidae,Ophidiiformes,Actinopterygii,Pisces,Vertebrata,Chordata,Animalia,Lepophidium profundorum402,Leptagonusfrenatus,frenatus,Sarritor,Agonidae,Scorpaeniformes,Actinopterygii,Pisces,Vertebrata,Chordata,Animalia,Sarritor frenatus207,Leptocottus armatus,armatus,Leptocottus,Cottidae,Scorpaeniformes,Actinopterygii,Pisces,Vertebrata,Chordata,Animalia,Leptocottus armatus208,LEUCORAJA OCELLATA,ocellata,Leucoraja,Rajidae,Rajiformes,Elasmobranchii,Pisces,Vertebrata,Chordata,Animalia,Leucoraja ocellata209,Leucoraja ocellata,ocellata,Leucoraja,Rajidae,Rajiformes,Elasmobranchii,Pisces,Vertebrata,Chordata,Animalia,Leucoraja ocellata210,Leuroglossusschmidti,schmidti,Leuroglossus,Bathylagidae,Osmeriformes,Actinopterygii,Pisces,Vertebrata,Chordata,Animalia,Leuroglossus schmidti212,Limanda ferruginea,ferruginea,Limanda,Pleuronectidae,Pleuronectiformes,Actinopterygii,Pisces,Vertebrata,Chordata,Animalia,Limanda ferruginea213,LIMANDA FERRUGINEA,ferruginea,Limanda,Pleuronectidae,Pleuronectiformes,Actinopterygii,Pisces,Vertebrata,Chordata,Animalia,Limanda ferruginea211,Limandaaspera,aspera,Limanda,Pleuronectidae,Pleuronectiformes,Actinopterygii,Pisces,Vertebrata,Chordata,Animalia,Limanda aspera214,Limandaproboscidea,proboscidea,Limanda,Pleuronectidae,Pleuronectiformes,Actinopterygii,Pisces,Vertebrata,Chordata,Animalia,Limanda proboscidea281,Liparidae,NA,NA,Liparidae,Scorpaeniformes,Actinopterygii,Pisces,Vertebrata,Chordata,Animalia,Liparidae spp.286,LIPARIDAE,NA,NA,Liparidae,Scorpaeniformes,Actinopterygii,Pisces,Vertebrata,Chordata,Animalia,Liparidae spp.216,LITHODES MAJA,maja,Lithodes,Lithodidae,Decapoda,Malacostraca,NA,Crustacea,Arthropoda,Animalia,Lithodes maja215,Lithodesaequispinus,aequispinus,Lithodes,Lithodidae,Decapoda,Malacostraca,NA,Crustacea,Arthropoda,Animalia,Lithodes aequispinus304,LITHODIDAE,NA,NA,Lithodidae,Decapoda,Malacostraca,NA,Crustacea,Arthropoda,Animalia,Lithodidae spp.218,Loligo opalescens,opalescens,Loligo,Loliginidae,Myopsida,Cephalopoda,NA,NA,Mollusca,Animalia,Loligo opalescens219,LOLIGO PEALEII,pealeii,Loligo,Loliginidae,Myopsida,Cephalopoda,NA,NA,Mollusca,Animalia,Loligo pealeii220,LOLIGO PLEII,pleii,Loligo,Loliginidae,Myopsida,Cephalopoda,NA,NA,Mollusca,Animalia,Loligo pleii221,LOLLIGUNCULA BREVIS,brevis,Lolliguncula,Loliginidae,Myopsida,Cephalopoda,NA,NA,Mollusca,Animalia,Lolliguncula brevis222,Lophius americanus,americanus,Lophius,Lophiidae,Lophiiformes,Actinopterygii,Pisces,Vertebrata,Chordata,Animalia,Lophius americanus223,LOPHIUS AMERICANUS,americanus,Lophius,Lophiidae,Lophiiformes,Actinopterygii,Pisces,Vertebrata,Chordata,Animalia,Lophius americanus224,Lopholithodes foraminatus,foraminatus,Lopholithodes,Lithodidae,Decapoda,Malacostraca,NA,Crustacea,Arthropoda,Animalia,Lopholithodes foraminatus225,Lopholithodesforaminatus,foraminatus,Lopholithodes,Lithodidae,Decapoda,Malacostraca,NA,Crustacea,Arthropoda,Animalia,Lopholithodes foraminatus226,Lumpenellalongirostris,longirostris,Lumpenella,Stichaeidae,Perciformes,Actinopterygii,Pisces,Vertebrata,Chordata,Animalia,Lumpenella longirostris227,LUMPENUS LUMPRETAEFORMIS,lampretaeformis,Lumpenus,Stichaeidae,Perciformes,Actinopterygii,Pisces,Vertebrata,Chordata,Animalia,Lumpenus lampretaeformis205,LUMPENUS MACULATUS,maculatus,Leptoclinus,Stichaeidae,Perciformes,Actinopterygii,Pisces,Vertebrata,Chordata,Animalia,Leptoclinus maculatus206,Lumpenusmaculatus,maculatus,Leptoclinus,Stichaeidae,Perciformes,Actinopterygii,Pisces,Vertebrata,Chordata,Animalia,Leptoclinus maculatus228,Lumpenussagitta,sagitta,Lumpenus,Stichaeidae,Perciformes,Actinopterygii,Pisces,Vertebrata,Chordata,Animalia,Lumpenus sagitta229,LUTJANUS CAMPECHANUS,campechanus,Lutjanus,Lutjanidae,Perciformes,Actinopterygii,Pisces,Vertebrata,Chordata,Animalia,Lutjanus campechanus230,LUTJANUS SYNAGRIS,synagris,Lutjanus,Lutjanidae,Perciformes,Actinopterygii,Pisces,Vertebrata,Chordata,Animalia,Lutjanus synagris231,LYCENCHELYS  SP.,NA,Lycenchelys,Zoarcidae,Perciformes,Actinopterygii,Pisces,Vertebrata,Chordata,Animalia,Lycenchelys spp.234,Lycodes cortezianus,cortezianus,Lycodes,Zoarcidae,Perciformes,Actinopterygii,Pisces,Vertebrata,Chordata,Animalia,Lycodes cortezianus235,Lycodes diapterus,diapterus,Lycodes,Zoarcidae,Perciformes,Actinopterygii,Pisces,Vertebrata,Chordata,Animalia,Lycodes diapterus237,LYCODES ESMARKI,esmarkii,Lycodes,Zoarcidae,Perciformes,Actinopterygii,Pisces,Vertebrata,Chordata,Animalia,Lycodes esmarkii240,LYCODES RETICULATUS,reticulatus,Lycodes,Zoarcidae,Perciformes,Actinopterygii,Pisces,Vertebrata,Chordata,Animalia,Lycodes reticulatus241,LYCODES VAHLII,vahlii,Lycodes,Zoarcidae,Perciformes,Actinopterygii,Pisces,Vertebrata,Chordata,Animalia,Lycodes vahlii232,Lycodesbrevipes,brevipes,Lycodes,Zoarcidae,Perciformes,Actinopterygii,Pisces,Vertebrata,Chordata,Animalia,Lycodes brevipes233,Lycodesconcolor,concolor,Lycodes,Zoarcidae,Perciformes,Actinopterygii,Pisces,Vertebrata,Chordata,Animalia,Lycodes concolor236,Lycodesdiapterus,diapterus,Lycodes,Zoarcidae,Perciformes,Actinopterygii,Pisces,Vertebrata,Chordata,Animalia,Lycodes diapterus238,Lycodespalearis,palearis,Lycodes,Zoarcidae,Perciformes,Actinopterygii,Pisces,Vertebrata,Chordata,Animalia,Lycodes palearis239,Lycodesraridens,raridens,Lycodes,Zoarcidae,Perciformes,Actinopterygii,Pisces,Vertebrata,Chordata,Animalia,Lycodes raridens243,Lyopsetta exilis,exilis,Lyopsetta,Pleuronectidae,Pleuronectiformes,Actinopterygii,Pisces,Vertebrata,Chordata,Animalia,Lyopsetta exilis242,Lyopsettaexilis,exilis,Lyopsetta,Pleuronectidae,Pleuronectiformes,Actinopterygii,Pisces,Vertebrata,Chordata,Animalia,Lyopsetta exilis244,MACROURUS BERGLAX,berglax,Macrourus,Macrouridae,Gadiformes,Actinopterygii,Pisces,Vertebrata,Chordata,Animalia,Macrourus berglax515,MACROZOARCES AMERICANUS,americanus,Zoarces,Zoarcidae,Perciformes,Actinopterygii,Pisces,Vertebrata,Chordata,Animalia,Zoarces americanus245,Malacocottuszonurus,zonurus,Malacocottus,Psychrolutidae,Scorpaeniformes,Actinopterygii,Pisces,Vertebrata,Chordata,Animalia,Malacocottus zonurus246,Malacoraja senta,senta,Malacoraja,Rajidae,Rajiformes,Elasmobranchii,Pisces,Vertebrata,Chordata,Animalia,Malacoraja senta247,MALACORAJA SENTA,senta,Malacoraja,Rajidae,Rajiformes,Elasmobranchii,Pisces,Vertebrata,Chordata,Animalia,Malacoraja senta249,MALACOSTEUS NIGER,niger,Malacosteus,Stomiidae,Stomiiformes,Actinopterygii,Pisces,Vertebrata,Chordata,Animalia,Malacosteus niger250,MALLOTUS VILLOSUS,villosus,Mallotus,Osmeridae,Osmeriformes,Actinopterygii,Pisces,Vertebrata,Chordata,Animalia,Mallotus villosus251,Mallotusvillosus,villosus,Mallotus,Osmeridae,Osmeriformes,Actinopterygii,Pisces,Vertebrata,Chordata,Animalia,Mallotus villosus252,MELANOGRAMMUS AEGLEFINUS,aeglefinus,Melanogrammus,Gadidae,Gadiformes,Actinopterygii,Pisces,Vertebrata,Chordata,Animalia,Melanogrammus aeglefinus253,Melanogrammus aeglefinus,aeglefinus,Melanogrammus,Gadidae,Gadiformes,Actinopterygii,Pisces,Vertebrata,Chordata,Animalia,Melanogrammus aeglefinus254,MENTICIRRHUS AMERICANUS,americanus,Menticirrhus,Sciaenidae,Perciformes,Actinopterygii,Pisces,Vertebrata,Chordata,Animalia,Menticirrhus americanus255,Merluccius albidus,albidus,Merluccius,Merlucciidae,Gadiformes,Actinopterygii,Pisces,Vertebrata,Chordata,Animalia,Merluccius albidus256,MERLUCCIUS BILINEARIS,bilinearis,Merluccius,Merlucciidae,Gadiformes,Actinopterygii,Pisces,Vertebrata,Chordata,Animalia,Merluccius bilinearis257,Merluccius bilinearis,bilinearis,Merluccius,Merlucciidae,Gadiformes,Actinopterygii,Pisces,Vertebrata,Chordata,Animalia,Merluccius bilinearis258,Merluccius productus,productus,Merluccius,Merlucciidae,Gadiformes,Actinopterygii,Pisces,Vertebrata,Chordata,Animalia,Merluccius productus261,Metridiumsp.,NA,Metridium,Metridiidae,Actiniaria,Anthozoa,NA,NA,Cnidaria,Animalia,Metridium spp.263,Microgadus proximus,proximus,Microgadus,Gadidae,Gadiformes,Actinopterygii,Pisces,Vertebrata,Chordata,Animalia,Microgadus proximus262,Microgadusproximus,proximus,Microgadus,Gadidae,Gadiformes,Actinopterygii,Pisces,Vertebrata,Chordata,Animalia,Microgadus proximus264,MICROPOGONIAS UNDULATUS,undulatus,Micropogonias,Sciaenidae,Perciformes,Actinopterygii,Pisces,Vertebrata,Chordata,Animalia,Micropogonias undulatus266,Microstomus pacificus,pacificus,Microstomus,Pleuronectidae,Pleuronectiformes,Actinopterygii,Pisces,Vertebrata,Chordata,Animalia,Microstomus pacificus265,Microstomuspacificus,pacificus,Microstomus,Pleuronectidae,Pleuronectiformes,Actinopterygii,Pisces,Vertebrata,Chordata,Animalia,Microstomus pacificus475,MONACANTHUS HISPIDUS,hispidus,Stephanolepis,Monacanthidae,Tetraodontiformes,Actinopterygii,Pisces,Vertebrata,Chordata,Animalia,Stephanolepis hispidus267,MULLUS AURATUS,auratus,Mullus,Mullidae,Perciformes,Actinopterygii,Pisces,Vertebrata,Chordata,Animalia,Mullus auratus282,Myctophidae,NA,NA,Myctophidae,Myctophiformes,Actinopterygii,Pisces,Vertebrata,Chordata,Animalia,Myctophidae spp.298,MYCTOPHIDAE,NA,NA,Myctophidae,Myctophiformes,Actinopterygii,Pisces,Vertebrata,Chordata,Animalia,Myctophidae spp.270,MYOXOCEPHALUS OCTODECEMSPINOSUS,octodecemspinosus,Myoxocephalus,Cottidae,Scorpaeniformes,Actinopterygii,Pisces,Vertebrata,Chordata,Animalia,Myoxocephalus octodecemspinosus271,Myoxocephalus octodecemspinosus,octodecemspinosus,Myoxocephalus,Cottidae,Scorpaeniformes,Actinopterygii,Pisces,Vertebrata,Chordata,Animalia,Myoxocephalus octodecemspinosus272,MYOXOCEPHALUS SCORPIUS,scorpius,Myoxocephalus,Cottidae,Scorpaeniformes,Actinopterygii,Pisces,Vertebrata,Chordata,Animalia,Myoxocephalus scorpius268,Myoxocephalussp,NA,Myoxocephalus,Cottidae,Scorpaeniformes,Actinopterygii,Pisces,Vertebrata,Chordata,Animalia,Myoxocephalus spp.269,Myoxocephalussp.,NA,Myoxocephalus,Cottidae,Scorpaeniformes,Actinopterygii,Pisces,Vertebrata,Chordata,Animalia,Myoxocephalus spp.309,NEMICHTHYS SCOLOPACEUS,scolopaceus,Nemichthys,Nemichthyidae,Anguilliformes,Actinopterygii,Pisces,Vertebrata,Chordata,Animalia,Nemichthys scolopaceus310,Neptuneaborealis,borealis,Neptunea,Buccinidae,Neogastropoda,Gastropoda,NA,NA,Mollusca,Animalia,Neptunea borealis311,Neptuneaheros,heros,Neptunea,Buccinidae,Neogastropoda,Gastropoda,NA,NA,Mollusca,Animalia,Neptunea heros312,Neptunealyrata,lyrata,Neptunea,Buccinidae,Neogastropoda,Gastropoda,NA,NA,Mollusca,Animalia,Neptunea lyrata314,Neptuneapribiloffensis,pribiloffensis,Neptunea,Buccinidae,Neogastropoda,Gastropoda,NA,NA,Mollusca,Animalia,Neptunea pribiloffensis313,Neptuneasp.,NA,Neptunea,Buccinidae,Neogastropoda,Gastropoda,NA,NA,Mollusca,Animalia,Neptunea spp.315,Neptuneaventricosa,ventricosa,Neptunea,Buccinidae,Neogastropoda,Gastropoda,NA,NA,Mollusca,Animalia,Neptunea ventricosa317,NEZUMIA BAIRDI,bairdii,Nezumia,Macrouridae,Gadiformes,Actinopterygii,Pisces,Vertebrata,Chordata,Animalia,Nezumia bairdii316,NEZUMIA BAIRDII,bairdii,Nezumia,Macrouridae,Gadiformes,Actinopterygii,Pisces,Vertebrata,Chordata,Animalia,Nezumia bairdii299,NOTACANTHIDAE,NA,NA,Notacanthidae,Notacanthiformes,Actinopterygii,Pisces,Vertebrata,Chordata,Animalia,Notacanthidae spp.296,Nudibranchia,NA,NA,NA,Nudibranchia,Gastropoda,NA,NA,Mollusca,Animalia,Nudibranchia spp.318,Occelladodecaedron,dodecaedron,Occella,Agonidae,Scorpaeniformes,Actinopterygii,Pisces,Vertebrata,Chordata,Animalia,Occella dodecaedron273,Octopodidae,NA,NA,Octopodidae,Octopoda,Cephalopoda,NA,NA,Mollusca,Animalia,Octopodidae spp.300,OCTOPODIDAE,NA,NA,Octopodidae,Octopoda,Cephalopoda,NA,NA,Mollusca,Animalia,Octopodidae spp.322,Oncorhynchus tshawytscha,tshawytscha,Oncorhynchus,Salmonidae,Salmoniformes,Actinopterygii,Pisces,Vertebrata,Chordata,Animalia,Oncorhynchus tshawytscha319,Oncorhynchusketa,keta,Oncorhynchus,Salmonidae,Salmoniformes,Actinopterygii,Pisces,Vertebrata,Chordata,Animalia,Oncorhynchus keta320,Oncorhynchuskisutch,kisutch,Oncorhynchus,Salmonidae,Salmoniformes,Actinopterygii,Pisces,Vertebrata,Chordata,Animalia,Oncorhynchus kisutch321,Oncorhynchustshawytscha,tshawytscha,Oncorhynchus,Salmonidae,Salmoniformes,Actinopterygii,Pisces,Vertebrata,Chordata,Animalia,Oncorhynchus tshawytscha323,OPHIDION WELSHI,welshi,Ophidion,Ophidiidae,Ophidiiformes,Actinopterygii,Pisces,Vertebrata,Chordata,Animalia,Ophidion welshi325,Ophiodon elongatus,elongatus,Ophiodon,Hexagrammidae,Scorpaeniformes,Actinopterygii,Pisces,Vertebrata,Chordata,Animalia,Ophiodon elongatus324,Ophiodonelongatus,elongatus,Ophiodon,Hexagrammidae,Scorpaeniformes,Actinopterygii,Pisces,Vertebrata,Chordata,Animalia,Ophiodon elongatus326,OPISTHONEMA OGLINUM,oglinum,Opisthonema,Clupeidae,Clupeiformes,Actinopterygii,Pisces,Vertebrata,Chordata,Animalia,Opisthonema oglinum327,Oregoniagracilis,gracilis,Oregonia,Oregoniidae,Decapoda,Malacostraca,NA,Crustacea,Arthropoda,Animalia,Oregonia gracilis328,ORTHOPRISTIS CHRYSOPTERUS,chrysoptera,Orthopristis,Haemulidae,Perciformes,Actinopterygii,Pisces,Vertebrata,Chordata,Animalia,Orthopristis chrysoptera283,Osmeridae,NA,NA,Osmeridae,Osmeriformes,Actinopterygii,Pisces,Vertebrata,Chordata,Animalia,Osmeridae spp.274,Paguridae,NA,NA,Paguridae,Decapoda,Malacostraca,NA,Crustacea,Arthropoda,Animalia,Paguridae spp.330,Pandalopsis dispar,dispar,Pandalopsis,Pandalidae,Decapoda,Malacostraca,NA,Crustacea,Arthropoda,Animalia,Pandalopsis dispar329,Pandalopsisdispar,dispar,Pandalopsis,Pandalidae,Decapoda,Malacostraca,NA,Crustacea,Arthropoda,Animalia,Pandalopsis dispar331,PANDALUS BOREALIS,borealis,Pandalus,Pandalidae,Decapoda,Malacostraca,NA,Crustacea,Arthropoda,Animalia,Pandalus borealis335,Pandalus jordani,jordani,Pandalus,Pandalidae,Decapoda,Malacostraca,NA,Crustacea,Arthropoda,Animalia,Pandalus jordani336,PANDALUS MONTAGUI,montagui,Pandalus,Pandalidae,Decapoda,Malacostraca,NA,Crustacea,Arthropoda,Animalia,Pandalus montagui337,Pandalus platyceros,platyceros,Pandalus,Pandalidae,Decapoda,Malacostraca,NA,Crustacea,Arthropoda,Animalia,Pandalus platyceros339,PANDALUS PROPINQUUS,propinquus,Pandalus,Pandalidae,Decapoda,Malacostraca,NA,Crustacea,Arthropoda,Animalia,Pandalus propinquus332,Pandaluseous(=borealis),eous,Pandalus,Pandalidae,Decapoda,Malacostraca,NA,Crustacea,Arthropoda,Animalia,Pandalus eous333,Pandalusgoniurus,goniurus,Pandalus,Pandalidae,Decapoda,Malacostraca,NA,Crustacea,Arthropoda,Animalia,Pandalus goniurus334,Pandalushypsinotus,hypsinotus,Pandalus,Pandalidae,Decapoda,Malacostraca,NA,Crustacea,Arthropoda,Animalia,Pandalus hypsinotus338,Pandalusplatyceros,platyceros,Pandalus,Pandalidae,Decapoda,Malacostraca,NA,Crustacea,Arthropoda,Animalia,Pandalus platyceros305,PARALEPIDIDAE,NA,NA,Paralepididae,Aulopiformes,Actinopterygii,Pisces,Vertebrata,Chordata,Animalia,Paralepididae spp.340,Paralichthys dentatus,dentatus,Paralichthys,Paralichthyidae,Pleuronectiformes,Actinopterygii,Pisces,Vertebrata,Chordata,Animalia,Paralichthys dentatus341,PARALICHTHYS LETHOSTIGMA,lethostigma,Paralichthys,Paralichthyidae,Pleuronectiformes,Actinopterygii,Pisces,Vertebrata,Chordata,Animalia,Paralichthys lethostigma342,Paralithodescamtschaticus,camtschaticus,Paralithodes,Lithodidae,Decapoda,Malacostraca,NA,Crustacea,Arthropoda,Animalia,Paralithodes camtschaticus343,Paralithodesplatypus,platypus,Paralithodes,Lithodidae,Decapoda,Malacostraca,NA,Crustacea,Arthropoda,Animalia,Paralithodes platypus345,Parophrys vetulus,vetulus,Parophrys,Pleuronectidae,Pleuronectiformes,Actinopterygii,Pisces,Vertebrata,Chordata,Animalia,Parophrys vetulus346,Parophrysvetulus,vetulus,Parophrys,Pleuronectidae,Pleuronectiformes,Actinopterygii,Pisces,Vertebrata,Chordata,Animalia,Parophrys vetulus347,PASIPHAEA  SP,NA,Pasiphaea,Pasiphaeidae,Decapoda,Malacostraca,NA,Crustacea,Arthropoda,Animalia,Pasiphaea spp.348,PASIPHAEA  SP.,NA,Pasiphaea,Pasiphaeidae,Decapoda,Malacostraca,NA,Crustacea,Arthropoda,Animalia,Pasiphaea spp.349,Pasiphaeapacifica,pacifica,Pasiphaea,Pasiphaeidae,Decapoda,Malacostraca,NA,Crustacea,Arthropoda,Animalia,Pasiphaea pacifica350,Patinopectencaurinus,caurinus,Patinopecten,Pectinidae,Pectinoida,Bivalvia,NA,NA,Mollusca,Animalia,Patinopecten caurinus351,PENAEUS AZTECUS,aztecus,Penaeus,Penaeidae,Decapoda,Malacostraca,NA,Crustacea,Arthropoda,Animalia,Penaeus aztecus352,PENAEUS DUORARUM,duorarum,Penaeus,Penaeidae,Decapoda,Malacostraca,NA,Crustacea,Arthropoda,Animalia,Penaeus duorarum217,PENAEUS SETIFERUS,setiferus,Litopenaeus,Penaeidae,Decapoda,Malacostraca,NA,Crustacea,Arthropoda,Animalia,Litopenaeus setiferus284,Pennatulacea,NA,NA,NA,NA,Anthozoa,NA,NA,Cnidaria,Animalia,Pennatulacea spp.353,PEPRILUS ALEPIDOTUS,alepidotus,Peprilus,Stromateidae,Perciformes,Actinopterygii,Pisces,Vertebrata,Chordata,Animalia,Peprilus alepidotus354,PEPRILUS BURTI,burti,Peprilus,Stromateidae,Perciformes,Actinopterygii,Pisces,Vertebrata,Chordata,Animalia,Peprilus burti355,Peprilus triacanthus,triacanthus,Peprilus,Stromateidae,Perciformes,Actinopterygii,Pisces,Vertebrata,Chordata,Animalia,Peprilus triacanthus357,Placetronwosnessenskii,wosnessenskii,Placetron,Hapalogastridae,Decapoda,Malacostraca,NA,Crustacea,Arthropoda,Animalia,Placetron wosnessenskii358,Placopecten magellanicus,magellanicus,Placopecten,Pectinidae,Pectinoida,Bivalvia,NA,NA,Mollusca,Animalia,Placopecten magellanicus359,Platichthysstellatus,stellatus,Platichthys,Pleuronectidae,Pleuronectiformes,Actinopterygii,Pisces,Vertebrata,Chordata,Animalia,Platichthys stellatus360,Pleurogrammusmonopterygius,monopterygius,Pleurogrammus,Hexagrammidae,Scorpaeniformes,Actinopterygii,Pisces,Vertebrata,Chordata,Animalia,Pleurogrammus monopterygius361,Pleuronectesquadrituberculatus,quadrituberculatus,Pleuronectes,Pleuronectidae,Pleuronectiformes,Actinopterygii,Pisces,Vertebrata,Chordata,Animalia,Pleuronectes quadrituberculatus362,Pleuronichthys decurrens,decurrens,Pleuronichthys,Pleuronectidae,Pleuronectiformes,Actinopterygii,Pisces,Vertebrata,Chordata,Animalia,Pleuronichthys decurrens363,Plicifususkroyeri,kroeyeri,Plicifusus,Buccinidae,Neogastropoda,Gastropoda,NA,NA,Mollusca,Animalia,Plicifusus kroeyeri364,Podothecusaccipenserinus,accipenserinus,Podothecus,Agonidae,Scorpaeniformes,Actinopterygii,Pisces,Vertebrata,Chordata,Animalia,Podothecus accipenserinus365,Pollachius virens,virens,Pollachius,Gadidae,Gadiformes,Actinopterygii,Pisces,Vertebrata,Chordata,Animalia,Pollachius virens366,POLLACHIUS VIRENS,virens,Pollachius,Gadidae,Gadiformes,Actinopterygii,Pisces,Vertebrata,Chordata,Animalia,Pollachius virens367,Porichthys notatus,notatus,Porichthys,Batrachoididae,Batrachoidiformes,Actinopterygii,Pisces,Vertebrata,Chordata,Animalia,Porichthys notatus368,PORICHTHYS PLECTRODON,plectrodon,Porichthys,Batrachoididae,Batrachoidiformes,Actinopterygii,Pisces,Vertebrata,Chordata,Animalia,Porichthys plectrodon276,PORIFERA,NA,NA,NA,NA,NA,NA,NA,Porifera,Animalia,Porifera spp.441,Porifera,NA,NA,NA,NA,NA,NA,NA,Porifera,Animalia,Porifera spp.369,PORTUNUS GIBBESII,gibbesii,Portunus,Portunidae,Decapoda,Malacostraca,NA,Crustacea,Arthropoda,Animalia,Portunus gibbesii3,PORTUNUS SPINICARPUS,spinicarpus,Achelous,Portunidae,Decapoda,Malacostraca,NA,Crustacea,Arthropoda,Animalia,Achelous spinicarpus4,PORTUNUS SPINIMANUS,spinimanus,Achelous,Portunidae,Decapoda,Malacostraca,NA,Crustacea,Arthropoda,Animalia,Achelous spinimanus370,PRIACANTHUS ARENATUS,arenatus,Priacanthus,Priacanthidae,Perciformes,Actinopterygii,Pisces,Vertebrata,Chordata,Animalia,Priacanthus arenatus371,Prionotus carolinus,carolinus,Prionotus,Triglidae,Scorpaeniformes,Actinopterygii,Pisces,Vertebrata,Chordata,Animalia,Prionotus carolinus372,Prionotus evolans,evolans,Prionotus,Triglidae,Scorpaeniformes,Actinopterygii,Pisces,Vertebrata,Chordata,Animalia,Prionotus evolans373,PRIONOTUS LONGISPINOSUS,longispinosus,Prionotus,Triglidae,Scorpaeniformes,Actinopterygii,Pisces,Vertebrata,Chordata,Animalia,Prionotus longispinosus374,PRIONOTUS OPHRYAS,ophryas,Prionotus,Triglidae,Scorpaeniformes,Actinopterygii,Pisces,Vertebrata,Chordata,Animalia,Prionotus ophryas375,PRIONOTUS PARALATUS,paralatus,Prionotus,Triglidae,Scorpaeniformes,Actinopterygii,Pisces,Vertebrata,Chordata,Animalia,Prionotus paralatus376,PRIONOTUS ROSEUS,roseus,Prionotus,Triglidae,Scorpaeniformes,Actinopterygii,Pisces,Vertebrata,Chordata,Animalia,Prionotus roseus377,PRIONOTUS RUBIO,rubio,Prionotus,Triglidae,Scorpaeniformes,Actinopterygii,Pisces,Vertebrata,Chordata,Animalia,Prionotus rubio378,PRIONOTUS STEARNSI,stearnsi,Prionotus,Triglidae,Scorpaeniformes,Actinopterygii,Pisces,Vertebrata,Chordata,Animalia,Prionotus stearnsi379,PRIONOTUS TRIBULUS,tribulus,Prionotus,Triglidae,Scorpaeniformes,Actinopterygii,Pisces,Vertebrata,Chordata,Animalia,Prionotus tribulus380,PRISTIPOMOIDES AQUILONARIS,aquilonaris,Pristipomoides,Lutjanidae,Perciformes,Actinopterygii,Pisces,Vertebrata,Chordata,Animalia,Pristipomoides aquilonaris381,Psettichthysmelanostictus,melanostictus,Psettichthys,Pleuronectidae,Pleuronectiformes,Actinopterygii,Pisces,Vertebrata,Chordata,Animalia,Psettichthys melanostictus382,PSEUDOPLEURONECTES AMERICANUS,americanus,Pseudopleuronectes,Pleuronectidae,Pleuronectiformes,Actinopterygii,Pisces,Vertebrata,Chordata,Animalia,Pseudopleuronectes americanus383,Pseudopleuronectes americanus,americanus,Pseudopleuronectes,Pleuronectidae,Pleuronectiformes,Actinopterygii,Pisces,Vertebrata,Chordata,Animalia,Pseudopleuronectes americanus384,Pycnopodiahelianthoides,helianthoides,Pycnopodia,Pycnopodiidae,Forcipulatida,Asteroidea,NA,Asterozoa,Echinodermata,Animalia,Pycnopodia helianthoides385,Pyrulofususdeformis,deformis,Pyrulofusus,Buccinidae,Neogastropoda,Gastropoda,NA,NA,Mollusca,Animalia,Pyrulofusus deformis57,RAJA (BATHYRAJA) SPINICAUDA,spinicauda,Bathyraja,Rajidae,Rajiformes,Elasmobranchii,Pisces,Vertebrata,Chordata,Animalia,Bathyraja spinicauda386,Raja binoculata,binoculata,Raja,Rajidae,Rajiformes,Elasmobranchii,Pisces,Vertebrata,Chordata,Animalia,Raja binoculata391,RAJA FYLLAE,fyllae,Rajella,Rajidae,Rajiformes,Elasmobranchii,Pisces,Vertebrata,Chordata,Animalia,Rajella fyllae13,RAJA RADIATA,radiata,Amblyraja,Rajidae,Rajiformes,Elasmobranchii,Pisces,Vertebrata,Chordata,Animalia,Amblyraja radiata389,Raja rhina,rhina,Raja,Rajidae,Rajiformes,Elasmobranchii,Pisces,Vertebrata,Chordata,Animalia,Raja rhina248,RAJA SENTA,senta,Malacoraja,Rajidae,Rajiformes,Elasmobranchii,Pisces,Vertebrata,Chordata,Animalia,Malacoraja senta390,RAJA TEXANA,texana,Raja,Rajidae,Rajiformes,Elasmobranchii,Pisces,Vertebrata,Chordata,Animalia,Raja texana387,Rajabinoculata,binoculata,Raja,Rajidae,Rajiformes,Elasmobranchii,Pisces,Vertebrata,Chordata,Animalia,Raja binoculata388,Rajarhina,rhina,Raja,Rajidae,Rajiformes,Elasmobranchii,Pisces,Vertebrata,Chordata,Animalia,Raja rhina392,RANINOIDES LOUISIANENSIS,louisianensis,Raninoides,Raninidae,Decapoda,Malacostraca,NA,Crustacea,Arthropoda,Animalia,Raninoides louisianensis394,REINHARDTIUS HIPPOGLOSSOIDES,hippoglossoides,Reinhardtius,Pleuronectidae,Pleuronectiformes,Actinopterygii,Pisces,Vertebrata,Chordata,Animalia,Reinhardtius hippoglossoides393,Reinhardtiushippoglossoides,hippoglossoides,Reinhardtius,Pleuronectidae,Pleuronectiformes,Actinopterygii,Pisces,Vertebrata,Chordata,Animalia,Reinhardtius hippoglossoides395,Rhamphocottusrichardsoni,richardsonii,Rhamphocottus,Rhamphocottidae,Scorpaeniformes,Actinopterygii,Pisces,Vertebrata,Chordata,Animalia,Rhamphocottus richardsonii396,RHIZOPRIONODON TERRAENOVAE,terraenovae,Rhizoprionodon,Carcharhinidae,Carcharhiniformes,Elasmobranchii,Pisces,Vertebrata,Chordata,Animalia,Rhizoprionodon terraenovae398,Rossiapacifica,pacifica,Rossia,Sepiolidae,Sepiolida,Cephalopoda,NA,NA,Mollusca,Animalia,Rossia pacifica302,ROSSIINAE,NA,NA,Sepiolidae,Sepiolida,Cephalopoda,NA,NA,Mollusca,Animalia,Rossiinae spp.399,SABINEA HYSTRIX,hystrix,Sabinea,Crangonidae,Decapoda,Malacostraca,NA,Crustacea,Arthropoda,Animalia,Sabinea hystrix400,SABINEA SARSI,sarsi,Sabinea,Crangonidae,Decapoda,Malacostraca,NA,Crustacea,Arthropoda,Animalia,Sabinea sarsi401,SABINEA SEPTEMCARINATA,septemcarinata,Sabinea,Crangonidae,Decapoda,Malacostraca,NA,Crustacea,Arthropoda,Animalia,Sabinea septemcarinata403,SAURIDA BRASILIENSIS,brasiliensis,Saurida,Synodontidae,Aulopiformes,Actinopterygii,Pisces,Vertebrata,Chordata,Animalia,Saurida brasiliensis404,SCLEROCRANGON BOREAS,boreas,Sclerocrangon,Crangonidae,Decapoda,Malacostraca,NA,Crustacea,Arthropoda,Animalia,Sclerocrangon boreas405,SCOMBER SCOMBRUS,scombrus,Scomber,Scombridae,Perciformes,Actinopterygii,Pisces,Vertebrata,Chordata,Animalia,Scomber scombrus406,Scomber scombrus,scombrus,Scomber,Scombridae,Perciformes,Actinopterygii,Pisces,Vertebrata,Chordata,Animalia,Scomber scombrus407,SCOMBEROMORUS MACULATUS,maculatus,Scomberomorus,Scombridae,Perciformes,Actinopterygii,Pisces,Vertebrata,Chordata,Animalia,Scomberomorus maculatus408,Scophthalmus aquosus,aquosus,Scophthalmus,Scophthalmidae,Pleuronectiformes,Actinopterygii,Pisces,Vertebrata,Chordata,Animalia,Scophthalmus aquosus409,SCORPAENA CALCARATA,calcarata,Scorpaena,Scorpaenidae,Scorpaeniformes,Actinopterygii,Pisces,Vertebrata,Chordata,Animalia,Scorpaena calcarata301,Scyphozoa,NA,NA,NA,NA,NA,NA,NA,Cnidaria,Animalia,Scyphozoa spp.308,SCYPHOZOA,NA,NA,NA,NA,NA,NA,NA,Cnidaria,Animalia,Scyphozoa spp.411,Sebastes alutus,alutus,Sebastes,Sebastidae,Scorpaeniformes,Actinopterygii,Pisces,Vertebrata,Chordata,Animalia,Sebastes alutus413,Sebastes babcocki,babcocki,Sebastes,Sebastidae,Scorpaeniformes,Actinopterygii,Pisces,Vertebrata,Chordata,Animalia,Sebastes babcocki416,Sebastes chlorostictus,chlorostictus,Sebastes,Sebastidae,Scorpaeniformes,Actinopterygii,Pisces,Vertebrata,Chordata,Animalia,Sebastes chlorostictus418,Sebastes crameri,crameri,Sebastes,Sebastidae,Scorpaeniformes,Actinopterygii,Pisces,Vertebrata,Chordata,Animalia,Sebastes crameri419,Sebastes diploproa,diploproa,Sebastes,Sebastidae,Scorpaeniformes,Actinopterygii,Pisces,Vertebrata,Chordata,Animalia,Sebastes diploproa420,Sebastes elongatus,elongatus,Sebastes,Sebastidae,Scorpaeniformes,Actinopterygii,Pisces,Vertebrata,Chordata,Animalia,Sebastes elongatus422,Sebastes entomelas,entomelas,Sebastes,Sebastidae,Scorpaeniformes,Actinopterygii,Pisces,Vertebrata,Chordata,Animalia,Sebastes entomelas423,Sebastes fasciatus,fasciatus,Sebastes,Sebastidae,Scorpaeniformes,Actinopterygii,Pisces,Vertebrata,Chordata,Animalia,Sebastes fasciatus424,Sebastes flavidus,flavidus,Sebastes,Sebastidae,Scorpaeniformes,Actinopterygii,Pisces,Vertebrata,Chordata,Animalia,Sebastes flavidus425,Sebastes goodei,goodei,Sebastes,Sebastidae,Scorpaeniformes,Actinopterygii,Pisces,Vertebrata,Chordata,Animalia,Sebastes goodei427,Sebastes helvomaculatus,helvomaculatus,Sebastes,Sebastidae,Scorpaeniformes,Actinopterygii,Pisces,Vertebrata,Chordata,Animalia,Sebastes helvomaculatus428,Sebastes jordani,jordani,Sebastes,Sebastidae,Scorpaeniformes,Actinopterygii,Pisces,Vertebrata,Chordata,Animalia,Sebastes jordani430,SEBASTES MARINUS,norvegicus,Sebastes,Sebastidae,Scorpaeniformes,Actinopterygii,Pisces,Vertebrata,Chordata,Animalia,Sebastes norvegicus432,SEBASTES MENTELLA,mentella,Sebastes,Sebastidae,Scorpaeniformes,Actinopterygii,Pisces,Vertebrata,Chordata,Animalia,Sebastes mentella437,Sebastes paucispinis,paucispinis,Sebastes,Sebastidae,Scorpaeniformes,Actinopterygii,Pisces,Vertebrata,Chordata,Animalia,Sebastes paucispinis439,Sebastes pinniger,pinniger,Sebastes,Sebastidae,Scorpaeniformes,Actinopterygii,Pisces,Vertebrata,Chordata,Animalia,Sebastes pinniger443,Sebastes proriger,proriger,Sebastes,Sebastidae,Scorpaeniformes,Actinopterygii,Pisces,Vertebrata,Chordata,Animalia,Sebastes proriger444,Sebastes reedi,reedi,Sebastes,Sebastidae,Scorpaeniformes,Actinopterygii,Pisces,Vertebrata,Chordata,Animalia,Sebastes reedi445,Sebastes ruberrimus,ruberrimus,Sebastes,Sebastidae,Scorpaeniformes,Actinopterygii,Pisces,Vertebrata,Chordata,Animalia,Sebastes ruberrimus447,Sebastes rufus,rufus,Sebastes,Sebastidae,Scorpaeniformes,Actinopterygii,Pisces,Vertebrata,Chordata,Animalia,Sebastes rufus448,Sebastes saxicola,saxicola,Sebastes,Sebastidae,Scorpaeniformes,Actinopterygii,Pisces,Vertebrata,Chordata,Animalia,Sebastes saxicola434,SEBASTES SP,NA,Sebastes,Sebastidae,Scorpaeniformes,Actinopterygii,Pisces,Vertebrata,Chordata,Animalia,Sebastes spp.435,SEBASTES SP.,NA,Sebastes,Sebastidae,Scorpaeniformes,Actinopterygii,Pisces,Vertebrata,Chordata,Animalia,Sebastes spp.436,Sebastes sp.,NA,Sebastes,Sebastidae,Scorpaeniformes,Actinopterygii,Pisces,Vertebrata,Chordata,Animalia,Sebastes spp.450,Sebastes wilsoni,wilsoni,Sebastes,Sebastidae,Scorpaeniformes,Actinopterygii,Pisces,Vertebrata,Chordata,Animalia,Sebastes wilsoni452,Sebastes zacentrus,zacentrus,Sebastes,Sebastidae,Scorpaeniformes,Actinopterygii,Pisces,Vertebrata,Chordata,Animalia,Sebastes zacentrus410,Sebastesalutus,alutus,Sebastes,Sebastidae,Scorpaeniformes,Actinopterygii,Pisces,Vertebrata,Chordata,Animalia,Sebastes alutus412,Sebastesbabcocki,babcocki,Sebastes,Sebastidae,Scorpaeniformes,Actinopterygii,Pisces,Vertebrata,Chordata,Animalia,Sebastes babcocki414,Sebastesborealis,borealis,Sebastes,Sebastidae,Scorpaeniformes,Actinopterygii,Pisces,Vertebrata,Chordata,Animalia,Sebastes borealis415,Sebastesbrevispinis,brevispinis,Sebastes,Sebastidae,Scorpaeniformes,Actinopterygii,Pisces,Vertebrata,Chordata,Animalia,Sebastes brevispinis417,Sebastescrameri,crameri,Sebastes,Sebastidae,Scorpaeniformes,Actinopterygii,Pisces,Vertebrata,Chordata,Animalia,Sebastes crameri421,Sebasteselongatus,elongatus,Sebastes,Sebastidae,Scorpaeniformes,Actinopterygii,Pisces,Vertebrata,Chordata,Animalia,Sebastes elongatus426,Sebasteshelvomaculatus,helvomaculatus,Sebastes,Sebastidae,Scorpaeniformes,Actinopterygii,Pisces,Vertebrata,Chordata,Animalia,Sebastes helvomaculatus429,Sebastesmaliger,maliger,Sebastes,Sebastidae,Scorpaeniformes,Actinopterygii,Pisces,Vertebrata,Chordata,Animalia,Sebastes maliger431,Sebastesmelanops,melanops,Sebastes,Sebastidae,Scorpaeniformes,Actinopterygii,Pisces,Vertebrata,Chordata,Animalia,Sebastes melanops438,Sebastespinniger,pinniger,Sebastes,Sebastidae,Scorpaeniformes,Actinopterygii,Pisces,Vertebrata,Chordata,Animalia,Sebastes pinniger440,Sebastespolyspinis,polyspinis,Sebastes,Sebastidae,Scorpaeniformes,Actinopterygii,Pisces,Vertebrata,Chordata,Animalia,Sebastes polyspinis442,Sebastesproriger,proriger,Sebastes,Sebastidae,Scorpaeniformes,Actinopterygii,Pisces,Vertebrata,Chordata,Animalia,Sebastes proriger446,Sebastesruberrimus,ruberrimus,Sebastes,Sebastidae,Scorpaeniformes,Actinopterygii,Pisces,Vertebrata,Chordata,Animalia,Sebastes ruberrimus433,Sebastessp.,NA,Sebastes,Sebastidae,Scorpaeniformes,Actinopterygii,Pisces,Vertebrata,Chordata,Animalia,Sebastes spp.449,Sebastesvariegatus,variegatus,Sebastes,Sebastidae,Scorpaeniformes,Actinopterygii,Pisces,Vertebrata,Chordata,Animalia,Sebastes variegatus451,Sebasteszacentrus,zacentrus,Sebastes,Sebastidae,Scorpaeniformes,Actinopterygii,Pisces,Vertebrata,Chordata,Animalia,Sebastes zacentrus453,Sebastolobus alascanus,alascanus,Sebastolobus,Sebastidae,Scorpaeniformes,Actinopterygii,Pisces,Vertebrata,Chordata,Animalia,Sebastolobus alascanus454,Sebastolobusalascanus,alascanus,Sebastolobus,Sebastidae,Scorpaeniformes,Actinopterygii,Pisces,Vertebrata,Chordata,Animalia,Sebastolobus alascanus455,SELAR CRUMENOPHTHALMUS,crumenophthalmus,Selar,Carangidae,Perciformes,Actinopterygii,Pisces,Vertebrata,Chordata,Animalia,Selar crumenophthalmus456,SELENE SETAPINNIS,setapinnis,Selene,Carangidae,Perciformes,Actinopterygii,Pisces,Vertebrata,Chordata,Animalia,Selene setapinnis457,SERRANUS ATROBRANCHUS,atrobranchus,Serranus,Serranidae,Perciformes,Actinopterygii,Pisces,Vertebrata,Chordata,Animalia,Serranus atrobranchus458,Serripesgroenlandicus,groenlandicus,Serripes,Cardiidae,Veneroida,Bivalvia,NA,NA,Mollusca,Animalia,Serripes groenlandicus459,SERRIVOMER BEANI,beanii,Serrivomer,Serrivomeridae,Anguilliformes,Actinopterygii,Pisces,Vertebrata,Chordata,Animalia,Serrivomer beanii460,SICYONIA BREVIROSTRIS,brevirostris,Sicyonia,Sicyoniidae,Decapoda,Malacostraca,NA,Crustacea,Arthropoda,Animalia,Sicyonia brevirostris461,SICYONIA DORSALIS,dorsalis,Sicyonia,Sicyoniidae,Decapoda,Malacostraca,NA,Crustacea,Arthropoda,Animalia,Sicyonia dorsalis462,Solastersp.,NA,Solaster,Solasteridae,Valvatida,Asteroidea,NA,Asterozoa,Echinodermata,Animalia,Solaster spp.463,SOLENOCERA,NA,Solenocera,Solenoceridae,Decapoda,Malacostraca,NA,Crustacea,Arthropoda,Animalia,Solenocera spp.464,Somniosuspacificus,pacificus,Somniosus,Dalatiidae,Squaliformes,Elasmobranchii,Pisces,Vertebrata,Chordata,Animalia,Somniosus pacificus465,SPHOEROIDES PARVUS,parvus,Sphoeroides,Tetraodontidae,Tetraodontiformes,Actinopterygii,Pisces,Vertebrata,Chordata,Animalia,Sphoeroides parvus466,SPHYRAENA GUACHANCHO,guachancho,Sphyraena,Sphyraenidae,Perciformes,Actinopterygii,Pisces,Vertebrata,Chordata,Animalia,Sphyraena guachancho467,SPIRONTOCARIS LILLJEBORGI,lilljeborgi,Spirontocaris,Hippolytidae,Decapoda,Malacostraca,NA,Crustacea,Arthropoda,Animalia,Spirontocaris lilljeborgi468,SPIRONTOCARIS SPINUS,spinus,Spirontocaris,Hippolytidae,Decapoda,Malacostraca,NA,Crustacea,Arthropoda,Animalia,Spirontocaris spinus469,SQUALUS ACANTHIAS,acanthias,Squalus,Squalidae,Squaliformes,Elasmobranchii,Pisces,Vertebrata,Chordata,Animalia,Squalus acanthias471,Squalus acanthias,acanthias,Squalus,Squalidae,Squaliformes,Elasmobranchii,Pisces,Vertebrata,Chordata,Animalia,Squalus acanthias470,Squalusacanthias,acanthias,Squalus,Squalidae,Squaliformes,Elasmobranchii,Pisces,Vertebrata,Chordata,Animalia,Squalus acanthias472,STELLIFER LANCEOLATUS,lanceolatus,Stellifer,Sciaenidae,Perciformes,Actinopterygii,Pisces,Vertebrata,Chordata,Animalia,Stellifer lanceolatus473,STENOTOMUS CAPRINUS,caprinus,Stenotomus,Sparidae,Perciformes,Actinopterygii,Pisces,Vertebrata,Chordata,Animalia,Stenotomus caprinus474,Stenotomus chrysops,chrysops,Stenotomus,Sparidae,Perciformes,Actinopterygii,Pisces,Vertebrata,Chordata,Animalia,Stenotomus chrysops476,STEREOMASTIS SCULPTA,sculpta,Stereomastis,Polychelidae,Decapoda,Malacostraca,NA,Crustacea,Arthropoda,Animalia,Stereomastis sculpta477,STOMIAS BOA FEROX,boa ferox,Stomias,Stomiidae,Stomiiformes,Actinopterygii,Pisces,Vertebrata,Chordata,Animalia,Stomias boa ferox478,Strongylocentrotusdroebachiensis,droebachiensis,Strongylocentrotus,Strongylocentrotidae,Camarodonta,Echinoidea,NA,Echinozoa,Echinodermata,Animalia,Strongylocentrotus droebachiensis479,SYACIUM GUNTERI,gunteri,Syacium,Paralichthyidae,Pleuronectiformes,Actinopterygii,Pisces,Vertebrata,Chordata,Animalia,Syacium gunteri480,SYACIUM PAPILLOSUM,papillosum,Syacium,Paralichthyidae,Pleuronectiformes,Actinopterygii,Pisces,Vertebrata,Chordata,Animalia,Syacium papillosum481,SYMPHURUS PLAGIUSA,plagiusa,Symphurus,Cynoglossidae,Pleuronectiformes,Actinopterygii,Pisces,Vertebrata,Chordata,Animalia,Symphurus plagiusa482,SYNAPHOBRANCHUS KAUPI,kaupii,Synaphobranchus,Synaphobranchidae,Anguilliformes,Actinopterygii,Pisces,Vertebrata,Chordata,Animalia,Synaphobranchus kaupii483,SYNODUS FOETENS,foetens,Synodus,Synodontidae,Aulopiformes,Actinopterygii,Pisces,Vertebrata,Chordata,Animalia,Synodus foetens484,SYNODUS POEYI,poeyi,Synodus,Synodontidae,Aulopiformes,Actinopterygii,Pisces,Vertebrata,Chordata,Animalia,Synodus poeyi485,Tautogolabrus adspersus,adspersus,Tautogolabrus,Labridae,Perciformes,Actinopterygii,Pisces,Vertebrata,Chordata,Animalia,Tautogolabrus adspersus486,Telmessuscheiragonus,cheiragonus,Telmessus,Cheiragonidae,Decapoda,Malacostraca,NA,Crustacea,Arthropoda,Animalia,Telmessus cheiragonus487,Thaleichthys pacificus,pacificus,Thaleichthys,Osmeridae,Osmeriformes,Actinopterygii,Pisces,Vertebrata,Chordata,Animalia,Thaleichthys pacificus488,Thaleichthyspacificus,pacificus,Thaleichthys,Osmeridae,Osmeriformes,Actinopterygii,Pisces,Vertebrata,Chordata,Animalia,Thaleichthys pacificus489,Theragra chalcogramma,chalcogramma,Theragra,Gadidae,Gadiformes,Actinopterygii,Pisces,Vertebrata,Chordata,Animalia,Theragra chalcogramma490,Theragrachalcogramma,chalcogramma,Theragra,Gadidae,Gadiformes,Actinopterygii,Pisces,Vertebrata,Chordata,Animalia,Theragra chalcogramma491,Torpedo californica,californica,Torpedo,Torpedinidae,Torpediniformes,Elasmobranchii,Pisces,Vertebrata,Chordata,Animalia,Torpedo californica492,TRACHURUS LATHAMI,lathami,Trachurus,Carangidae,Perciformes,Actinopterygii,Pisces,Vertebrata,Chordata,Animalia,Trachurus lathami493,Trachurus symmetricus,symmetricus,Trachurus,Carangidae,Perciformes,Actinopterygii,Pisces,Vertebrata,Chordata,Animalia,Trachurus symmetricus494,TRACHYPENEUS,NA,Trachypeneus,Penaeidae,Decapoda,Malacostraca,NA,Crustacea,Arthropoda,Animalia,Trachypeneus spp.495,TRICHIURUS LEPTURUS,lepturus,Trichiurus,Trichiuridae,Perciformes,Actinopterygii,Pisces,Vertebrata,Chordata,Animalia,Trichiurus lepturus496,Trichodontrichodon,trichodon,Trichodon,Trichodontidae,Perciformes,Actinopterygii,Pisces,Vertebrata,Chordata,Animalia,Trichodon trichodon497,TRICHOPSETTA VENTRALIS,ventralis,Trichopsetta,Bothidae,Pleuronectiformes,Actinopterygii,Pisces,Vertebrata,Chordata,Animalia,Trichopsetta ventralis500,TRIGLOPS  SP,NA,Triglops,Cottidae,Scorpaeniformes,Actinopterygii,Pisces,Vertebrata,Chordata,Animalia,Triglops spp.501,TRIGLOPS  SP.,NA,Triglops,Cottidae,Scorpaeniformes,Actinopterygii,Pisces,Vertebrata,Chordata,Animalia,Triglops spp.498,Triglopsforficata,forficatus,Triglops,Cottidae,Scorpaeniformes,Actinopterygii,Pisces,Vertebrata,Chordata,Animalia,Triglops forficatus499,Triglopsmacellus,macellus,Triglops,Cottidae,Scorpaeniformes,Actinopterygii,Pisces,Vertebrata,Chordata,Animalia,Triglops macellus502,Triglopspingeli,pingelii,Triglops,Cottidae,Scorpaeniformes,Actinopterygii,Pisces,Vertebrata,Chordata,Animalia,Triglops pingelii503,Triglopsscepticus,scepticus,Triglops,Cottidae,Scorpaeniformes,Actinopterygii,Pisces,Vertebrata,Chordata,Animalia,Triglops scepticus505,UPENEUS PARVUS,parvus,Upeneus,Mullidae,Perciformes,Actinopterygii,Pisces,Vertebrata,Chordata,Animalia,Upeneus parvus356,UROPHYCIS CHESTERI,chesteri,Phycis,Phycidae,Gadiformes,Actinopterygii,Pisces,Vertebrata,Chordata,Animalia,Phycis chesteri506,Urophycis chuss,chuss,Urophycis,Phycidae,Gadiformes,Actinopterygii,Pisces,Vertebrata,Chordata,Animalia,Urophycis chuss507,UROPHYCIS CIRRATUS,cirrata,Urophycis,Phycidae,Gadiformes,Actinopterygii,Pisces,Vertebrata,Chordata,Animalia,Urophycis cirrata508,UROPHYCIS FLORIDANUS,floridana,Urophycis,Phycidae,Gadiformes,Actinopterygii,Pisces,Vertebrata,Chordata,Animalia,Urophycis floridana509,Urophycis regia,regia,Urophycis,Phycidae,Gadiformes,Actinopterygii,Pisces,Vertebrata,Chordata,Animalia,Urophycis regia510,Urophycis tenuis,tenuis,Urophycis,Phycidae,Gadiformes,Actinopterygii,Pisces,Vertebrata,Chordata,Animalia,Urophycis tenuis511,UROPHYCIS TENUIS,tenuis,Urophycis,Phycidae,Gadiformes,Actinopterygii,Pisces,Vertebrata,Chordata,Animalia,Urophycis tenuis512,Volutopsiussp.,NA,Volutopsius,Buccinidae,Neogastropoda,Gastropoda,NA,NA,Mollusca,Animalia,Volutopsius spp.513,Zalembius rosaceus,rosaceus,Zalembius,Embiotocidae,Perciformes,Actinopterygii,Pisces,Vertebrata,Chordata,Animalia,Zalembius rosaceus514,Zaprorasilenus,silenus,Zaprora,Zaproridae,Perciformes,Actinopterygii,Pisces,Vertebrata,Chordata,Animalia,Zaprora silenus516,Zoarces americanus,americanus,Zoarces,Zoarcidae,Perciformes,Actinopterygii,Pisces,Vertebrata,Chordata,Animalia,Zoarces americanus293,ZOARCIDAE,NA,NA,Zoarcidae,Perciformes,Actinopterygii,Pisces,Vertebrata,Chordata,Animalia,Zoarcidae spp.